Recency,Frequency,Monetary,TrueLabel,PredictedLabel,ChurnProbability,Segment,SuggestedAction,CustomerID
10,4,420.3,0,0,0.0,Low Risk,Promote loyalty club,CUST1001
10,1,218.47,0,0,0.0,Low Risk,Promote loyalty club,CUST1002
174,1,178.51999999999998,0,0,0.0,Low Risk,Promote loyalty club,CUST1003
200,1,339.6,1,1,0.97,High Risk,Send 20% voucher,CUST1004
154,2,322.96,0,0,0.0,Low Risk,Promote loyalty club,CUST1005
165,1,51.0,0,0,0.0,Low Risk,Promote loyalty club,CUST1006
227,1,201.19,1,1,1.0,High Risk,Send 20% voucher,CUST1007
5,2,731.9,0,0,0.0,Low Risk,Promote loyalty club,CUST1008
176,1,189.5,0,0,0.0,Low Risk,Promote loyalty club,CUST1009
127,1,205.1,0,0,0.0,Low Risk,Promote loyalty club,CUST1010
73,5,1544.13,0,0,0.0,Low Risk,Promote loyalty club,CUST1011
4,3,342.45,0,0,0.0,Low Risk,Promote loyalty club,CUST1012
127,1,233.22,0,0,0.0,Low Risk,Promote loyalty club,CUST1013
23,3,2811.43,0,0,0.0,Low Risk,Promote loyalty club,CUST1014
60,2,662.59,0,0,0.0,Low Risk,Promote loyalty club,CUST1015
1,20,14034.99,0,0,0.0,Low Risk,Promote loyalty club,CUST1016
60,2,675.69,0,0,0.0,Low Risk,Promote loyalty club,CUST1017
27,1,107.95,0,0,0.0,Low Risk,Promote loyalty club,CUST1018
5,6,400.86,0,0,0.01,Low Risk,Promote loyalty club,CUST1019
21,1,197.63,0,0,0.0,Low Risk,Promote loyalty club,CUST1020
335,1,114.0,1,1,0.99,High Risk,Send 20% voucher,CUST1021
199,4,557.3,1,1,0.99,High Risk,Send 20% voucher,CUST1022
6,8,1814.12,0,0,0.0,Low Risk,Promote loyalty club,CUST1023
373,1,244.08,1,1,1.0,High Risk,Send 20% voucher,CUST1024
45,1,189.4,0,0,0.0,Low Risk,Promote loyalty club,CUST1025
66,3,1120.88,0,0,0.0,Low Risk,Promote loyalty club,CUST1026
5,1,389.84,0,0,0.0,Low Risk,Promote loyalty club,CUST1027
34,4,1592.12,0,0,0.0,Low Risk,Promote loyalty club,CUST1028
2,6,2621.38,0,0,0.0,Low Risk,Promote loyalty club,CUST1029
367,1,87.5,1,1,1.0,High Risk,Send 20% voucher,CUST1030
7,7,3515.68,0,0,0.0,Low Risk,Promote loyalty club,CUST1031
333,1,252.42,1,1,1.0,High Risk,Send 20% voucher,CUST1032
64,8,2938.91,0,0,0.0,Low Risk,Promote loyalty club,CUST1033
18,2,304.47,0,0,0.01,Low Risk,Promote loyalty club,CUST1034
9,6,911.26,0,0,0.0,Low Risk,Promote loyalty club,CUST1035
22,3,468.41,0,0,0.0,Low Risk,Promote loyalty club,CUST1036
217,2,336.13,1,1,1.0,High Risk,Send 20% voucher,CUST1037
186,3,331.0,1,1,0.97,High Risk,Send 20% voucher,CUST1038
3,18,4447.05,0,0,0.0,Low Risk,Promote loyalty club,CUST1039
36,1,528.08,0,0,0.0,Low Risk,Promote loyalty club,CUST1040
54,5,1647.26,0,0,0.0,Low Risk,Promote loyalty club,CUST1041
24,12,18895.91,0,0,0.0,Low Risk,Promote loyalty club,CUST1042
60,3,2128.42,0,0,0.01,Low Risk,Promote loyalty club,CUST1043
49,4,1741.22,0,0,0.0,Low Risk,Promote loyalty club,CUST1044
195,3,1578.67,1,1,0.97,High Risk,Send 20% voucher,CUST1045
16,4,258.4,0,0,0.0,Low Risk,Promote loyalty club,CUST1046
50,4,1498.51,0,0,0.0,Low Risk,Promote loyalty club,CUST1047
8,44,51527.3,0,0,0.0,Low Risk,Promote loyalty club,CUST1048
79,1,311.69,0,0,0.0,Low Risk,Promote loyalty club,CUST1049
254,2,383.34,1,1,0.98,High Risk,Send 20% voucher,CUST1050
374,1,192.6,1,1,1.0,High Risk,Send 20% voucher,CUST1051
31,4,639.02,0,0,0.0,Low Risk,Promote loyalty club,CUST1052
30,6,1197.1,0,0,0.0,Low Risk,Promote loyalty club,CUST1053
23,3,1134.28,0,0,0.0,Low Risk,Promote loyalty club,CUST1054
311,1,289.24,1,1,1.0,High Risk,Send 20% voucher,CUST1055
50,1,463.8,0,0,0.0,Low Risk,Promote loyalty club,CUST1056
10,47,19914.44,0,0,0.0,Low Risk,Promote loyalty club,CUST1057
29,2,621.75,0,0,0.0,Low Risk,Promote loyalty club,CUST1058
4,32,6065.69,0,0,0.0,Low Risk,Promote loyalty club,CUST1059
1,2,326.75,0,0,0.0,Low Risk,Promote loyalty club,CUST1060
71,1,300.02,0,0,0.0,Low Risk,Promote loyalty club,CUST1061
59,5,1121.39,0,0,0.0,Low Risk,Promote loyalty club,CUST1062
50,3,598.83,0,0,0.0,Low Risk,Promote loyalty club,CUST1063
253,1,151.5,1,1,1.0,High Risk,Send 20% voucher,CUST1064
58,1,1002.31,0,0,0.0,Low Risk,Promote loyalty club,CUST1065
107,4,1431.93,0,0,0.0,Low Risk,Promote loyalty club,CUST1066
61,1,169.79,0,0,0.0,Low Risk,Promote loyalty club,CUST1067
4,3,1937.25,0,0,0.0,Low Risk,Promote loyalty club,CUST1068
31,7,4151.93,0,0,0.0,Low Risk,Promote loyalty club,CUST1069
358,1,76.55,1,1,1.0,High Risk,Send 20% voucher,CUST1070
2,18,21086.3,0,0,0.0,Low Risk,Promote loyalty club,CUST1071
33,3,1048.49,0,0,0.0,Low Risk,Promote loyalty club,CUST1072
10,3,774.9000000000001,0,0,0.0,Low Risk,Promote loyalty club,CUST1073
3,13,5180.52,0,0,0.0,Low Risk,Promote loyalty club,CUST1074
3,15,7616.53,0,0,0.0,Low Risk,Promote loyalty club,CUST1075
3,3,684.41,0,0,0.0,Low Risk,Promote loyalty club,CUST1076
127,8,889.9300000000001,0,0,0.0,Low Risk,Promote loyalty club,CUST1077
17,4,745.06,0,0,0.0,Low Risk,Promote loyalty club,CUST1078
7,3,1904.05,0,0,0.0,Low Risk,Promote loyalty club,CUST1079
237,3,630.84,1,1,1.0,High Risk,Send 20% voucher,CUST1080
12,5,909.23,0,0,0.0,Low Risk,Promote loyalty club,CUST1081
157,3,351.67,0,0,0.01,Low Risk,Promote loyalty club,CUST1082
320,1,2661.24,1,1,1.0,High Risk,Send 20% voucher,CUST1083
10,4,712.8000000000001,0,0,0.0,Low Risk,Promote loyalty club,CUST1084
200,2,1110.34,1,1,0.98,High Risk,Send 20% voucher,CUST1085
14,7,3408.06,0,0,0.0,Low Risk,Promote loyalty club,CUST1086
41,9,1337.72,0,0,0.0,Low Risk,Promote loyalty club,CUST1087
64,4,3189.81,0,0,0.0,Low Risk,Promote loyalty club,CUST1088
374,1,243.28,1,1,1.0,High Risk,Send 20% voucher,CUST1089
65,1,354.15,0,0,0.0,Low Risk,Promote loyalty club,CUST1090
31,1,481.75,0,0,0.0,Low Risk,Promote loyalty club,CUST1091
239,1,328.16,1,1,0.99,High Risk,Send 20% voucher,CUST1092
88,3,356.85,0,0,0.0,Low Risk,Promote loyalty club,CUST1093
12,1,336.17,0,0,0.0,Low Risk,Promote loyalty club,CUST1094
26,9,7956.46,0,0,0.0,Low Risk,Promote loyalty club,CUST1095
30,1,429.84,0,0,0.0,Low Risk,Promote loyalty club,CUST1096
28,7,2095.13,0,0,0.0,Low Risk,Promote loyalty club,CUST1097
15,8,1205.12,0,0,0.0,Low Risk,Promote loyalty club,CUST1098
5,8,3766.6,0,0,0.0,Low Risk,Promote loyalty club,CUST1099
7,2,584.07,0,0,0.0,Low Risk,Promote loyalty club,CUST1100
14,1,100.9,0,0,0.0,Low Risk,Promote loyalty club,CUST1101
3,17,3744.65,0,0,0.0,Low Risk,Promote loyalty club,CUST1102
190,2,542.03,1,1,0.98,High Risk,Send 20% voucher,CUST1103
46,1,160.57,0,0,0.0,Low Risk,Promote loyalty club,CUST1104
114,3,1633.78,0,0,0.0,Low Risk,Promote loyalty club,CUST1105
4,18,5074.77,0,0,0.0,Low Risk,Promote loyalty club,CUST1106
10,4,1678.12,0,0,0.0,Low Risk,Promote loyalty club,CUST1107
18,4,848.22,0,0,0.0,Low Risk,Promote loyalty club,CUST1108
337,1,104.76,1,1,1.0,High Risk,Send 20% voucher,CUST1109
2,4,1542.14,0,0,0.0,Low Risk,Promote loyalty club,CUST1110
10,3,996.26,0,0,0.01,Low Risk,Promote loyalty club,CUST1111
19,2,408.57,0,0,0.0,Low Risk,Promote loyalty club,CUST1112
4,6,813.52,0,0,0.0,Low Risk,Promote loyalty club,CUST1113
24,6,3858.38,0,0,0.0,Low Risk,Promote loyalty club,CUST1114
372,1,35.400000000000006,1,1,1.0,High Risk,Send 20% voucher,CUST1115
29,2,382.98,0,0,0.0,Low Risk,Promote loyalty club,CUST1116
40,1,507.66,0,0,0.0,Low Risk,Promote loyalty club,CUST1117
21,1,166.08,0,0,0.0,Low Risk,Promote loyalty club,CUST1118
38,8,3981.36,0,0,0.0,Low Risk,Promote loyalty club,CUST1119
54,2,292.72,0,0,0.0,Low Risk,Promote loyalty club,CUST1120
15,4,1447.14,0,0,0.0,Low Risk,Promote loyalty club,CUST1121
3,7,1258.06,0,0,0.0,Low Risk,Promote loyalty club,CUST1122
104,5,1375.71,0,0,0.0,Low Risk,Promote loyalty club,CUST1123
212,1,612.78,1,1,0.99,High Risk,Send 20% voucher,CUST1124
31,4,1324.84,0,0,0.0,Low Risk,Promote loyalty club,CUST1125
23,2,484.82,0,0,0.0,Low Risk,Promote loyalty club,CUST1126
7,5,1244.83,0,0,0.0,Low Risk,Promote loyalty club,CUST1127
3,2,399.19,0,0,0.0,Low Risk,Promote loyalty club,CUST1128
89,5,2262.62,0,0,0.0,Low Risk,Promote loyalty club,CUST1129
24,1,291.88,0,0,0.0,Low Risk,Promote loyalty club,CUST1130
87,4,2106.84,0,0,0.0,Low Risk,Promote loyalty club,CUST1131
57,2,638.0600000000001,0,0,0.0,Low Risk,Promote loyalty club,CUST1132
143,3,1121.59,0,0,0.0,Low Risk,Promote loyalty club,CUST1133
5,5,1026.42,0,0,0.0,Low Risk,Promote loyalty club,CUST1134
19,4,1879.05,0,0,0.0,Low Risk,Promote loyalty club,CUST1135
331,1,250.0,1,1,1.0,High Risk,Send 20% voucher,CUST1136
19,5,859.27,0,0,0.0,Low Risk,Promote loyalty club,CUST1137
5,4,874.59,0,0,0.01,Low Risk,Promote loyalty club,CUST1138
114,1,312.14,0,0,0.0,Low Risk,Promote loyalty club,CUST1139
313,1,572.8100000000001,1,1,1.0,High Risk,Send 20% voucher,CUST1140
44,1,306.45,0,0,0.0,Low Risk,Promote loyalty club,CUST1141
147,1,358.56000000000006,0,0,0.0,Low Risk,Promote loyalty club,CUST1142
5,2,688.33,0,0,0.0,Low Risk,Promote loyalty club,CUST1143
46,1,498.74,0,0,0.0,Low Risk,Promote loyalty club,CUST1144
192,1,457.34,1,1,1.0,High Risk,Send 20% voucher,CUST1145
61,1,117.88,0,0,0.0,Low Risk,Promote loyalty club,CUST1146
319,2,328.35,1,1,0.98,High Risk,Send 20% voucher,CUST1147
8,3,176.63,0,0,0.0,Low Risk,Promote loyalty club,CUST1148
46,1,415.82,0,0,0.0,Low Risk,Promote loyalty club,CUST1149
3,20,8694.26,0,0,0.0,Low Risk,Promote loyalty club,CUST1150
22,2,3415.3,0,0,0.01,Low Risk,Promote loyalty club,CUST1151
12,10,3174.32,0,0,0.0,Low Risk,Promote loyalty club,CUST1152
30,4,1142.99,0,0,0.04,Low Risk,Promote loyalty club,CUST1153
32,2,746.36,0,0,0.0,Low Risk,Promote loyalty club,CUST1154
78,3,1126.85,0,0,0.0,Low Risk,Promote loyalty club,CUST1155
91,2,589.15,0,0,0.0,Low Risk,Promote loyalty club,CUST1156
18,1,340.11,0,0,0.0,Low Risk,Promote loyalty club,CUST1157
317,1,249.0,1,1,1.0,High Risk,Send 20% voucher,CUST1158
313,1,112.75,1,1,1.0,High Risk,Send 20% voucher,CUST1159
59,2,444.74,0,0,0.0,Low Risk,Promote loyalty club,CUST1160
22,4,775.46,0,0,0.0,Low Risk,Promote loyalty club,CUST1161
25,4,703.47,0,0,0.0,Low Risk,Promote loyalty club,CUST1162
12,4,905.04,0,0,0.0,Low Risk,Promote loyalty club,CUST1163
63,3,1175.22,0,0,0.0,Low Risk,Promote loyalty club,CUST1164
372,1,2002.4,1,1,0.99,High Risk,Send 20% voucher,CUST1165
365,1,414.88,1,1,1.0,High Risk,Send 20% voucher,CUST1166
37,2,804.49,0,0,0.0,Low Risk,Promote loyalty club,CUST1167
221,1,134.8,1,1,1.0,High Risk,Send 20% voucher,CUST1168
125,2,465.68,0,0,0.0,Low Risk,Promote loyalty club,CUST1169
157,2,1019.52,0,0,0.0,Low Risk,Promote loyalty club,CUST1170
1,5,870.12,0,0,0.0,Low Risk,Promote loyalty club,CUST1171
16,6,2202.99,0,0,0.0,Low Risk,Promote loyalty club,CUST1172
327,2,599.97,1,1,0.99,High Risk,Send 20% voucher,CUST1173
3,7,1319.91,0,0,0.0,Low Risk,Promote loyalty club,CUST1174
303,2,365.85,1,1,0.97,High Risk,Send 20% voucher,CUST1175
17,10,5464.12,0,0,0.0,Low Risk,Promote loyalty club,CUST1176
227,1,203.95,1,1,1.0,High Risk,Send 20% voucher,CUST1177
38,3,1247.69,0,0,0.0,Low Risk,Promote loyalty club,CUST1178
11,5,1614.31,0,0,0.0,Low Risk,Promote loyalty club,CUST1179
71,2,203.2,0,0,0.01,Low Risk,Promote loyalty club,CUST1180
9,9,1914.82,0,0,0.0,Low Risk,Promote loyalty club,CUST1181
181,1,80.82,1,0,0.33,Low Risk,Promote loyalty club,CUST1182
12,7,1960.11,0,0,0.0,Low Risk,Promote loyalty club,CUST1183
39,4,574.84,0,0,0.0,Low Risk,Promote loyalty club,CUST1184
29,3,939.78,0,0,0.0,Low Risk,Promote loyalty club,CUST1185
32,1,223.88,0,0,0.0,Low Risk,Promote loyalty club,CUST1186
13,3,974.04,0,0,0.0,Low Risk,Promote loyalty club,CUST1187
11,3,1079.61,0,0,0.0,Low Risk,Promote loyalty club,CUST1188
33,5,2328.9700000000003,0,0,0.0,Low Risk,Promote loyalty club,CUST1189
50,5,1824.23,0,0,0.0,Low Risk,Promote loyalty club,CUST1190
373,1,487.75,1,1,1.0,High Risk,Send 20% voucher,CUST1191
7,1,204.0,0,0,0.0,Low Risk,Promote loyalty club,CUST1192
30,8,5891.61,0,0,0.0,Low Risk,Promote loyalty club,CUST1193
3,1,3861.0,0,0,0.0,Low Risk,Promote loyalty club,CUST1194
78,3,1744.76,0,0,0.0,Low Risk,Promote loyalty club,CUST1195
16,12,9585.91,0,0,0.0,Low Risk,Promote loyalty club,CUST1196
58,2,835.78,0,0,0.0,Low Risk,Promote loyalty club,CUST1197
240,1,623.5,1,1,0.99,High Risk,Send 20% voucher,CUST1198
249,1,463.95,1,1,1.0,High Risk,Send 20% voucher,CUST1199
17,5,1521.87,0,0,0.0,Low Risk,Promote loyalty club,CUST1200
129,1,168.0,0,0,0.0,Low Risk,Promote loyalty club,CUST1201
55,2,913.54,0,0,0.0,Low Risk,Promote loyalty club,CUST1202
3,5,1429.24,0,0,0.0,Low Risk,Promote loyalty club,CUST1203
10,1,133.5,0,0,0.0,Low Risk,Promote loyalty club,CUST1204
26,3,572.56,0,0,0.0,Low Risk,Promote loyalty club,CUST1205
36,4,247.96,0,0,0.0,Low Risk,Promote loyalty club,CUST1206
24,4,974.54,0,0,0.0,Low Risk,Promote loyalty club,CUST1207
114,6,6912.0,0,0,0.0,Low Risk,Promote loyalty club,CUST1208
289,1,145.92,1,1,1.0,High Risk,Send 20% voucher,CUST1209
322,1,302.0,1,1,1.0,High Risk,Send 20% voucher,CUST1210
27,4,652.82,0,0,0.0,Low Risk,Promote loyalty club,CUST1211
132,2,765.34,0,0,0.0,Low Risk,Promote loyalty club,CUST1212
371,1,230.25,1,1,1.0,High Risk,Send 20% voucher,CUST1213
27,5,2779.3,0,0,0.0,Low Risk,Promote loyalty club,CUST1214
216,1,141.86,1,1,1.0,High Risk,Send 20% voucher,CUST1215
234,1,383.95,1,1,1.0,High Risk,Send 20% voucher,CUST1216
19,1,297.0,0,0,0.0,Low Risk,Promote loyalty club,CUST1217
18,1,75.0,0,0,0.0,Low Risk,Promote loyalty club,CUST1218
23,4,825.42,0,0,0.0,Low Risk,Promote loyalty club,CUST1219
15,1,282.19,0,0,0.0,Low Risk,Promote loyalty club,CUST1220
24,3,1374.87,0,0,0.01,Low Risk,Promote loyalty club,CUST1221
1,24,12245.96,0,0,0.0,Low Risk,Promote loyalty club,CUST1222
142,1,102.83,0,0,0.0,Low Risk,Promote loyalty club,CUST1223
19,2,214.65,0,0,0.0,Low Risk,Promote loyalty club,CUST1224
57,9,2580.91,0,0,0.0,Low Risk,Promote loyalty club,CUST1225
31,11,5580.6,0,0,0.0,Low Risk,Promote loyalty club,CUST1226
41,2,874.71,0,0,0.01,Low Risk,Promote loyalty club,CUST1227
53,5,1800.07,0,0,0.0,Low Risk,Promote loyalty club,CUST1228
29,1,197.64,0,0,0.0,Low Risk,Promote loyalty club,CUST1229
91,2,307.48,0,0,0.01,Low Risk,Promote loyalty club,CUST1230
52,1,125.79,0,0,0.0,Low Risk,Promote loyalty club,CUST1231
273,1,516.42,1,1,1.0,High Risk,Send 20% voucher,CUST1232
22,8,984.91,0,0,0.0,Low Risk,Promote loyalty club,CUST1233
212,2,271.24,1,1,1.0,High Risk,Send 20% voucher,CUST1234
201,1,180.94,1,1,1.0,High Risk,Send 20% voucher,CUST1235
80,4,1351.63,0,0,0.0,Low Risk,Promote loyalty club,CUST1236
1,17,3292.14,0,0,0.0,Low Risk,Promote loyalty club,CUST1237
25,5,2121.27,0,0,0.0,Low Risk,Promote loyalty club,CUST1238
17,13,8968.31,0,0,0.0,Low Risk,Promote loyalty club,CUST1239
99,1,115.31,0,0,0.0,Low Risk,Promote loyalty club,CUST1240
3,2,421.52,0,0,0.0,Low Risk,Promote loyalty club,CUST1241
52,5,1253.36,0,0,0.0,Low Risk,Promote loyalty club,CUST1242
74,2,437.96,0,0,0.0,Low Risk,Promote loyalty club,CUST1243
113,5,1220.26,0,0,0.0,Low Risk,Promote loyalty club,CUST1244
71,1,451.44,0,0,0.0,Low Risk,Promote loyalty club,CUST1245
151,3,2744.03,0,0,0.0,Low Risk,Promote loyalty club,CUST1246
60,4,1662.28,0,0,0.0,Low Risk,Promote loyalty club,CUST1247
18,4,1305.33,0,0,0.0,Low Risk,Promote loyalty club,CUST1248
60,2,1173.12,0,0,0.0,Low Risk,Promote loyalty club,CUST1249
235,2,765.55,1,1,0.99,High Risk,Send 20% voucher,CUST1250
239,2,1345.62,1,1,0.96,High Risk,Send 20% voucher,CUST1251
302,1,302.7,1,1,1.0,High Risk,Send 20% voucher,CUST1252
117,1,508.4599999999999,0,0,0.0,Low Risk,Promote loyalty club,CUST1253
99,2,165.0,0,0,0.02,Low Risk,Promote loyalty club,CUST1254
24,14,3198.25,0,0,0.0,Low Risk,Promote loyalty club,CUST1255
135,2,653.35,0,0,0.0,Low Risk,Promote loyalty club,CUST1256
59,4,950.36,0,0,0.0,Low Risk,Promote loyalty club,CUST1257
1,3,1316.66,0,0,0.0,Low Risk,Promote loyalty club,CUST1258
92,2,437.6,0,0,0.0,Low Risk,Promote loyalty club,CUST1259
11,1,114.6,0,0,0.0,Low Risk,Promote loyalty club,CUST1260
57,1,216.17,0,0,0.0,Low Risk,Promote loyalty club,CUST1261
280,1,164.4,1,1,1.0,High Risk,Send 20% voucher,CUST1262
155,2,333.97,0,0,0.02,Low Risk,Promote loyalty club,CUST1263
4,50,65039.62,0,0,0.0,Low Risk,Promote loyalty club,CUST1264
56,1,20.8,0,0,0.0,Low Risk,Promote loyalty club,CUST1265
74,2,534.24,0,0,0.0,Low Risk,Promote loyalty club,CUST1266
19,2,759.17,0,0,0.0,Low Risk,Promote loyalty club,CUST1267
57,1,640.5,0,0,0.0,Low Risk,Promote loyalty club,CUST1268
85,1,2033.1,0,0,0.01,Low Risk,Promote loyalty club,CUST1269
7,7,1871.5,0,0,0.0,Low Risk,Promote loyalty club,CUST1270
44,1,267.13,0,0,0.0,Low Risk,Promote loyalty club,CUST1271
20,7,1567.69,0,0,0.0,Low Risk,Promote loyalty club,CUST1272
190,2,112.2,1,1,0.95,High Risk,Send 20% voucher,CUST1273
65,1,92.46,0,0,0.0,Low Risk,Promote loyalty club,CUST1274
59,4,2163.98,0,0,0.0,Low Risk,Promote loyalty club,CUST1275
6,3,971.58,0,0,0.0,Low Risk,Promote loyalty club,CUST1276
206,2,1573.2,1,1,0.94,High Risk,Send 20% voucher,CUST1277
1,17,8022.49,0,0,0.0,Low Risk,Promote loyalty club,CUST1278
41,5,499.42,0,0,0.01,Low Risk,Promote loyalty club,CUST1279
185,2,154.82999999999998,1,1,1.0,High Risk,Send 20% voucher,CUST1280
312,2,538.8100000000001,1,1,1.0,High Risk,Send 20% voucher,CUST1281
16,2,460.64,0,0,0.0,Low Risk,Promote loyalty club,CUST1282
33,6,10815.43,0,0,0.0,Low Risk,Promote loyalty club,CUST1283
12,4,800.59,0,0,0.0,Low Risk,Promote loyalty club,CUST1284
40,3,1233.36,0,0,0.0,Low Risk,Promote loyalty club,CUST1285
64,1,2626.3,0,0,0.02,Low Risk,Promote loyalty club,CUST1286
50,1,331.95,0,0,0.0,Low Risk,Promote loyalty club,CUST1287
100,7,1810.77,0,0,0.0,Low Risk,Promote loyalty club,CUST1288
306,1,393.33,1,1,1.0,High Risk,Send 20% voucher,CUST1289
32,4,1154.47,0,0,0.0,Low Risk,Promote loyalty club,CUST1290
1,11,4481.18,0,0,0.0,Low Risk,Promote loyalty club,CUST1291
218,12,2247.51,1,1,0.92,High Risk,Send 20% voucher,CUST1292
7,4,582.1,0,0,0.0,Low Risk,Promote loyalty club,CUST1293
9,9,2529.93,0,0,0.0,Low Risk,Promote loyalty club,CUST1294
28,1,491.86,0,0,0.0,Low Risk,Promote loyalty club,CUST1295
53,1,161.94,0,0,0.0,Low Risk,Promote loyalty club,CUST1296
1,28,17256.85,0,0,0.0,Low Risk,Promote loyalty club,CUST1297
134,3,2515.84,0,0,0.0,Low Risk,Promote loyalty club,CUST1298
5,15,3812.64,0,0,0.0,Low Risk,Promote loyalty club,CUST1299
188,2,729.5400000000001,1,1,0.97,High Risk,Send 20% voucher,CUST1300
52,7,2354.25,0,0,0.0,Low Risk,Promote loyalty club,CUST1301
2,5,2879.7000000000003,0,0,0.0,Low Risk,Promote loyalty club,CUST1302
17,12,3131.02,0,0,0.0,Low Risk,Promote loyalty club,CUST1303
20,17,13400.24,0,0,0.0,Low Risk,Promote loyalty club,CUST1304
103,1,178.7,0,0,0.0,Low Risk,Promote loyalty club,CUST1305
255,1,56.4,1,1,1.0,High Risk,Send 20% voucher,CUST1306
22,1,161.2,0,0,0.0,Low Risk,Promote loyalty club,CUST1307
264,1,320.62,1,1,1.0,High Risk,Send 20% voucher,CUST1308
4,6,2313.14,0,0,0.0,Low Risk,Promote loyalty club,CUST1309
134,1,115.8,0,0,0.0,Low Risk,Promote loyalty club,CUST1310
140,4,2293.62,0,0,0.0,Low Risk,Promote loyalty club,CUST1311
246,2,306.55,1,1,1.0,High Risk,Send 20% voucher,CUST1312
29,1,373.24,0,0,0.0,Low Risk,Promote loyalty club,CUST1313
85,2,653.24,0,0,0.0,Low Risk,Promote loyalty club,CUST1314
29,3,380.6,0,0,0.0,Low Risk,Promote loyalty club,CUST1315
367,1,145.93,1,1,1.0,High Risk,Send 20% voucher,CUST1316
226,1,112.32,1,1,1.0,High Risk,Send 20% voucher,CUST1317
123,3,709.71,0,0,0.0,Low Risk,Promote loyalty club,CUST1318
260,1,409.57,1,1,1.0,High Risk,Send 20% voucher,CUST1319
282,2,110.38,1,1,0.98,High Risk,Send 20% voucher,CUST1320
19,2,396.92,0,0,0.0,Low Risk,Promote loyalty club,CUST1321
358,1,168.0,1,1,1.0,High Risk,Send 20% voucher,CUST1322
19,1,167.62,0,0,0.0,Low Risk,Promote loyalty club,CUST1323
70,1,341.36,0,0,0.0,Low Risk,Promote loyalty club,CUST1324
23,10,1680.72,0,0,0.0,Low Risk,Promote loyalty club,CUST1325
30,1,270.9,0,0,0.0,Low Risk,Promote loyalty club,CUST1326
69,3,843.05,0,0,0.0,Low Risk,Promote loyalty club,CUST1327
23,6,1101.97,0,0,0.0,Low Risk,Promote loyalty club,CUST1328
22,4,1475.02,0,0,0.0,Low Risk,Promote loyalty club,CUST1329
8,1,80.8,0,0,0.0,Low Risk,Promote loyalty club,CUST1330
53,5,3610.96,0,0,0.0,Low Risk,Promote loyalty club,CUST1331
40,8,3000.2,0,0,0.01,Low Risk,Promote loyalty club,CUST1332
4,16,3754.27,0,0,0.0,Low Risk,Promote loyalty club,CUST1333
4,7,2078.95,0,0,0.0,Low Risk,Promote loyalty club,CUST1334
25,3,682.9100000000001,0,0,0.0,Low Risk,Promote loyalty club,CUST1335
261,2,389.44,1,1,0.98,High Risk,Send 20% voucher,CUST1336
267,1,914.93,1,1,1.0,High Risk,Send 20% voucher,CUST1337
275,2,1489.5,1,1,0.96,High Risk,Send 20% voucher,CUST1338
1,4,1791.56,0,0,0.0,Low Risk,Promote loyalty club,CUST1339
143,2,343.2300000000001,0,0,0.0,Low Risk,Promote loyalty club,CUST1340
276,1,122.54,1,1,1.0,High Risk,Send 20% voucher,CUST1341
40,1,166.20000000000002,0,0,0.0,Low Risk,Promote loyalty club,CUST1342
12,2,417.23,0,0,0.0,Low Risk,Promote loyalty club,CUST1343
7,2,360.01,0,0,0.0,Low Risk,Promote loyalty club,CUST1344
36,4,1319.19,0,0,0.0,Low Risk,Promote loyalty club,CUST1345
9,11,3645.43,0,0,0.0,Low Risk,Promote loyalty club,CUST1346
131,1,498.48,0,0,0.0,Low Risk,Promote loyalty club,CUST1347
39,8,7330.8,0,0,0.0,Low Risk,Promote loyalty club,CUST1348
24,5,1003.06,0,0,0.0,Low Risk,Promote loyalty club,CUST1349
176,1,305.75,0,0,0.0,Low Risk,Promote loyalty club,CUST1350
96,2,913.19,0,0,0.0,Low Risk,Promote loyalty club,CUST1351
19,1,97.5,0,0,0.0,Low Risk,Promote loyalty club,CUST1352
17,2,1054.73,0,0,0.0,Low Risk,Promote loyalty club,CUST1353
1,24,6424.09,0,0,0.0,Low Risk,Promote loyalty club,CUST1354
219,1,306.72,1,1,1.0,High Risk,Send 20% voucher,CUST1355
16,6,1979.37,0,0,0.0,Low Risk,Promote loyalty club,CUST1356
285,1,626.65,1,1,1.0,High Risk,Send 20% voucher,CUST1357
243,1,310.26,1,1,1.0,High Risk,Send 20% voucher,CUST1358
10,3,6977.04,0,0,0.01,Low Risk,Promote loyalty club,CUST1359
155,2,216.21,0,0,0.01,Low Risk,Promote loyalty club,CUST1360
88,4,544.3,0,0,0.0,Low Risk,Promote loyalty club,CUST1361
154,2,1705.8,0,0,0.01,Low Risk,Promote loyalty club,CUST1362
233,1,307.46,1,1,1.0,High Risk,Send 20% voucher,CUST1363
24,2,576.26,0,0,0.0,Low Risk,Promote loyalty club,CUST1364
15,7,1790.42,0,0,0.0,Low Risk,Promote loyalty club,CUST1365
368,1,123.24,1,1,1.0,High Risk,Send 20% voucher,CUST1366
337,1,236.02,1,1,1.0,High Risk,Send 20% voucher,CUST1367
330,1,534.57,1,1,1.0,High Risk,Send 20% voucher,CUST1368
16,7,2379.49,0,0,0.0,Low Risk,Promote loyalty club,CUST1369
30,6,1456.96,0,0,0.0,Low Risk,Promote loyalty club,CUST1370
50,4,1777.78,0,0,0.0,Low Risk,Promote loyalty club,CUST1371
96,5,3723.87,0,0,0.0,Low Risk,Promote loyalty club,CUST1372
82,2,852.24,0,0,0.0,Low Risk,Promote loyalty club,CUST1373
31,3,409.5,0,0,0.0,Low Risk,Promote loyalty club,CUST1374
45,3,1337.48,0,0,0.0,Low Risk,Promote loyalty club,CUST1375
124,2,260.25,0,0,0.0,Low Risk,Promote loyalty club,CUST1376
168,2,2242.01,0,0,0.0,Low Risk,Promote loyalty club,CUST1377
120,2,254.1,0,0,0.0,Low Risk,Promote loyalty club,CUST1378
212,2,203.87,1,1,1.0,High Risk,Send 20% voucher,CUST1379
359,1,271.05,1,1,1.0,High Risk,Send 20% voucher,CUST1380
67,1,324.8,0,0,0.0,Low Risk,Promote loyalty club,CUST1381
74,1,1033.34,0,0,0.0,Low Risk,Promote loyalty club,CUST1382
59,5,1231.31,0,0,0.0,Low Risk,Promote loyalty club,CUST1383
66,1,140.34,0,0,0.0,Low Risk,Promote loyalty club,CUST1384
161,1,405.38,0,0,0.0,Low Risk,Promote loyalty club,CUST1385
89,1,778.65,0,0,0.0,Low Risk,Promote loyalty club,CUST1386
130,3,1703.41,0,0,0.0,Low Risk,Promote loyalty club,CUST1387
106,1,231.1,0,0,0.01,Low Risk,Promote loyalty club,CUST1388
227,1,358.38,1,1,1.0,High Risk,Send 20% voucher,CUST1389
11,1,247.32,0,0,0.0,Low Risk,Promote loyalty club,CUST1390
171,1,73.78,0,0,0.0,Low Risk,Promote loyalty club,CUST1391
19,1,285.56,0,0,0.0,Low Risk,Promote loyalty club,CUST1392
37,4,5977.7300000000005,0,0,0.0,Low Risk,Promote loyalty club,CUST1393
59,8,1461.65,0,0,0.0,Low Risk,Promote loyalty club,CUST1394
257,1,400.54,1,1,1.0,High Risk,Send 20% voucher,CUST1395
227,2,1998.0,1,1,0.96,High Risk,Send 20% voucher,CUST1396
268,1,62.85,1,1,1.0,High Risk,Send 20% voucher,CUST1397
71,1,1290.7,0,0,0.0,Low Risk,Promote loyalty club,CUST1398
39,1,656.25,0,0,0.0,Low Risk,Promote loyalty club,CUST1399
23,4,2709.12,0,0,0.0,Low Risk,Promote loyalty club,CUST1400
3,4,1046.56,0,0,0.0,Low Risk,Promote loyalty club,CUST1401
3,5,987.1,0,0,0.0,Low Risk,Promote loyalty club,CUST1402
165,3,316.11,0,0,0.0,Low Risk,Promote loyalty club,CUST1403
148,3,2103.06,0,0,0.01,Low Risk,Promote loyalty club,CUST1404
82,4,592.97,0,0,0.0,Low Risk,Promote loyalty club,CUST1405
25,3,559.51,0,0,0.0,Low Risk,Promote loyalty club,CUST1406
2,7,1388.37,0,0,0.0,Low Risk,Promote loyalty club,CUST1407
4,31,12288.22,0,0,0.0,Low Risk,Promote loyalty club,CUST1408
11,7,2606.53,0,0,0.0,Low Risk,Promote loyalty club,CUST1409
76,1,302.2,0,0,0.0,Low Risk,Promote loyalty club,CUST1410
28,4,1093.68,0,0,0.0,Low Risk,Promote loyalty club,CUST1411
162,4,4341.21,0,0,0.0,Low Risk,Promote loyalty club,CUST1412
372,1,155.35,1,1,1.0,High Risk,Send 20% voucher,CUST1413
8,22,26626.8,0,0,0.0,Low Risk,Promote loyalty club,CUST1414
15,6,5955.71,0,0,0.0,Low Risk,Promote loyalty club,CUST1415
25,1,742.9300000000001,0,0,0.0,Low Risk,Promote loyalty club,CUST1416
197,1,271.85,1,1,1.0,High Risk,Send 20% voucher,CUST1417
45,5,5203.51,0,0,0.0,Low Risk,Promote loyalty club,CUST1418
92,3,991.13,0,0,0.0,Low Risk,Promote loyalty club,CUST1419
43,2,770.03,0,0,0.0,Low Risk,Promote loyalty club,CUST1420
46,2,698.41,0,0,0.0,Low Risk,Promote loyalty club,CUST1421
173,3,566.6,0,0,0.0,Low Risk,Promote loyalty club,CUST1422
15,5,1618.69,0,0,0.0,Low Risk,Promote loyalty club,CUST1423
23,2,661.3199999999999,0,0,0.0,Low Risk,Promote loyalty club,CUST1424
36,3,1311.38,0,0,0.0,Low Risk,Promote loyalty club,CUST1425
235,1,257.34,1,1,1.0,High Risk,Send 20% voucher,CUST1426
242,1,136.04,1,1,1.0,High Risk,Send 20% voucher,CUST1427
22,2,490.22,0,0,0.0,Low Risk,Promote loyalty club,CUST1428
154,6,70.02,0,0,0.01,Low Risk,Promote loyalty club,CUST1429
123,2,597.48,0,0,0.0,Low Risk,Promote loyalty club,CUST1430
29,12,3707.12,0,0,0.0,Low Risk,Promote loyalty club,CUST1431
249,1,336.96,1,1,0.98,High Risk,Send 20% voucher,CUST1432
372,1,353.19,1,1,1.0,High Risk,Send 20% voucher,CUST1433
319,1,417.69,1,1,1.0,High Risk,Send 20% voucher,CUST1434
185,5,1850.56,1,1,0.88,High Risk,Send 20% voucher,CUST1435
4,6,2322.4,0,0,0.0,Low Risk,Promote loyalty club,CUST1436
134,1,358.82,0,0,0.0,Low Risk,Promote loyalty club,CUST1437
326,1,77183.6,1,1,0.97,High Risk,Send 20% voucher,CUST1438
75,3,1226.88,0,0,0.0,Low Risk,Promote loyalty club,CUST1439
40,2,541.53,0,0,0.0,Low Risk,Promote loyalty club,CUST1440
2,11,3883.25,0,0,0.0,Low Risk,Promote loyalty club,CUST1441
1,12,4098.32,0,0,0.0,Low Risk,Promote loyalty club,CUST1442
51,3,1006.98,0,0,0.01,Low Risk,Promote loyalty club,CUST1443
319,1,91.8,1,1,1.0,High Risk,Send 20% voucher,CUST1444
9,13,5398.3,0,0,0.0,Low Risk,Promote loyalty club,CUST1445
369,1,623.75,1,1,0.99,High Risk,Send 20% voucher,CUST1446
32,2,607.45,0,0,0.0,Low Risk,Promote loyalty club,CUST1447
75,4,1797.24,0,0,0.0,Low Risk,Promote loyalty club,CUST1448
20,2,432.88,0,0,0.0,Low Risk,Promote loyalty club,CUST1449
8,9,3965.62,0,0,0.0,Low Risk,Promote loyalty club,CUST1450
4,4,668.14,0,0,0.0,Low Risk,Promote loyalty club,CUST1451
4,15,31906.82,0,0,0.0,Low Risk,Promote loyalty club,CUST1452
234,1,103.3,1,1,1.0,High Risk,Send 20% voucher,CUST1453
37,5,1219.4,0,0,0.0,Low Risk,Promote loyalty club,CUST1454
43,5,2306.52,0,0,0.0,Low Risk,Promote loyalty club,CUST1455
173,1,336.03000000000003,0,0,0.01,Low Risk,Promote loyalty club,CUST1456
79,5,2634.26,0,0,0.0,Low Risk,Promote loyalty club,CUST1457
129,1,111.35,0,0,0.0,Low Risk,Promote loyalty club,CUST1458
23,2,184.19,0,0,0.0,Low Risk,Promote loyalty club,CUST1459
32,2,714.96,0,0,0.0,Low Risk,Promote loyalty club,CUST1460
54,1,173.97,0,0,0.0,Low Risk,Promote loyalty club,CUST1461
249,1,12.75,1,1,0.98,High Risk,Send 20% voucher,CUST1462
263,1,200.29,1,1,1.0,High Risk,Send 20% voucher,CUST1463
303,1,84.3,1,1,1.0,High Risk,Send 20% voucher,CUST1464
72,8,1119.81,0,0,0.0,Low Risk,Promote loyalty club,CUST1465
7,7,2567.06,0,0,0.0,Low Risk,Promote loyalty club,CUST1466
51,1,298.4,0,0,0.0,Low Risk,Promote loyalty club,CUST1467
23,3,1385.51,0,0,0.01,Low Risk,Promote loyalty club,CUST1468
5,2,280.52,0,0,0.0,Low Risk,Promote loyalty club,CUST1469
1,10,1222.71,0,0,0.0,Low Risk,Promote loyalty club,CUST1470
192,1,228.8,1,1,1.0,High Risk,Send 20% voucher,CUST1471
38,4,2560.0,0,0,0.0,Low Risk,Promote loyalty club,CUST1472
9,4,3090.74,0,0,0.0,Low Risk,Promote loyalty club,CUST1473
43,1,183.7,0,0,0.0,Low Risk,Promote loyalty club,CUST1474
1,8,1859.31,0,0,0.0,Low Risk,Promote loyalty club,CUST1475
7,6,1133.25,0,0,0.0,Low Risk,Promote loyalty club,CUST1476
169,4,1042.26,0,0,0.01,Low Risk,Promote loyalty club,CUST1477
337,2,293.0,1,1,1.0,High Risk,Send 20% voucher,CUST1478
46,3,1063.95,0,0,0.01,Low Risk,Promote loyalty club,CUST1479
55,2,950.93,0,0,0.0,Low Risk,Promote loyalty club,CUST1480
18,6,3794.52,0,0,0.0,Low Risk,Promote loyalty club,CUST1481
24,4,781.28,0,0,0.0,Low Risk,Promote loyalty club,CUST1482
117,1,213.85,0,0,0.0,Low Risk,Promote loyalty club,CUST1483
109,3,418.1,0,0,0.0,Low Risk,Promote loyalty club,CUST1484
43,7,1280.85,0,0,0.0,Low Risk,Promote loyalty club,CUST1485
32,5,734.77,0,0,0.0,Low Risk,Promote loyalty club,CUST1486
1,1,360.0,0,0,0.0,Low Risk,Promote loyalty club,CUST1487
31,6,2054.36,0,0,0.0,Low Risk,Promote loyalty club,CUST1488
281,2,3811.95,1,1,0.98,High Risk,Send 20% voucher,CUST1489
33,5,1698.94,0,0,0.0,Low Risk,Promote loyalty club,CUST1490
37,9,1199.01,0,0,0.0,Low Risk,Promote loyalty club,CUST1491
50,1,137.37,0,0,0.0,Low Risk,Promote loyalty club,CUST1492
23,2,503.76,0,0,0.0,Low Risk,Promote loyalty club,CUST1493
30,1,439.66,0,0,0.0,Low Risk,Promote loyalty club,CUST1494
12,7,1451.28,0,0,0.0,Low Risk,Promote loyalty club,CUST1495
199,1,179.0,1,1,1.0,High Risk,Send 20% voucher,CUST1496
183,1,149.89,1,1,1.0,High Risk,Send 20% voucher,CUST1497
122,4,1688.29,0,0,0.0,Low Risk,Promote loyalty club,CUST1498
100,3,1200.62,0,0,0.0,Low Risk,Promote loyalty club,CUST1499
3,7,1625.05,0,0,0.0,Low Risk,Promote loyalty club,CUST1500
17,4,1945.33,0,0,0.0,Low Risk,Promote loyalty club,CUST1501
29,3,556.95,0,0,0.0,Low Risk,Promote loyalty club,CUST1502
15,1,316.5,0,0,0.0,Low Risk,Promote loyalty club,CUST1503
2,32,4124.69,0,0,0.0,Low Risk,Promote loyalty club,CUST1504
56,4,796.03,0,0,0.0,Low Risk,Promote loyalty club,CUST1505
30,12,2603.43,0,0,0.0,Low Risk,Promote loyalty club,CUST1506
11,2,887.65,0,0,0.0,Low Risk,Promote loyalty club,CUST1507
169,3,388.5,0,0,0.01,Low Risk,Promote loyalty club,CUST1508
12,20,7276.900000000001,0,0,0.0,Low Risk,Promote loyalty club,CUST1509
57,1,243.84,0,0,0.0,Low Risk,Promote loyalty club,CUST1510
122,2,327.7,0,0,0.0,Low Risk,Promote loyalty club,CUST1511
264,1,113.5,1,1,1.0,High Risk,Send 20% voucher,CUST1512
22,4,1226.89,0,0,0.0,Low Risk,Promote loyalty club,CUST1513
5,19,6140.42,0,0,0.0,Low Risk,Promote loyalty club,CUST1514
268,1,333.74,1,1,1.0,High Risk,Send 20% voucher,CUST1515
312,1,219.52,1,1,1.0,High Risk,Send 20% voucher,CUST1516
25,2,290.16,0,0,0.01,Low Risk,Promote loyalty club,CUST1517
10,8,1667.97,0,0,0.0,Low Risk,Promote loyalty club,CUST1518
4,4,575.63,0,0,0.0,Low Risk,Promote loyalty club,CUST1519
95,1,82.75,0,0,0.0,Low Risk,Promote loyalty club,CUST1520
20,3,1314.68,0,0,0.0,Low Risk,Promote loyalty club,CUST1521
270,3,855.02,1,1,0.99,High Risk,Send 20% voucher,CUST1522
87,5,1236.54,0,0,0.0,Low Risk,Promote loyalty club,CUST1523
192,5,2083.27,1,1,0.91,High Risk,Send 20% voucher,CUST1524
50,5,1708.12,0,0,0.0,Low Risk,Promote loyalty club,CUST1525
8,4,1313.1,0,0,0.0,Low Risk,Promote loyalty club,CUST1526
29,13,4396.13,0,0,0.0,Low Risk,Promote loyalty club,CUST1527
323,1,225.6,1,1,1.0,High Risk,Send 20% voucher,CUST1528
77,3,706.19,0,0,0.0,Low Risk,Promote loyalty club,CUST1529
75,1,318.0,0,0,0.0,Low Risk,Promote loyalty club,CUST1530
5,10,5417.93,0,0,0.0,Low Risk,Promote loyalty club,CUST1531
79,1,48.48,0,0,0.0,Low Risk,Promote loyalty club,CUST1532
20,6,4147.96,0,0,0.0,Low Risk,Promote loyalty club,CUST1533
36,4,757.71,0,0,0.0,Low Risk,Promote loyalty club,CUST1534
38,2,389.27,0,0,0.0,Low Risk,Promote loyalty club,CUST1535
173,6,2643.2000000000003,0,0,0.0,Low Risk,Promote loyalty club,CUST1536
71,2,947.4,0,0,0.0,Low Risk,Promote loyalty club,CUST1537
28,4,3281.63,0,0,0.0,Low Risk,Promote loyalty club,CUST1538
5,2,1346.97,0,0,0.0,Low Risk,Promote loyalty club,CUST1539
22,6,2218.62,0,0,0.0,Low Risk,Promote loyalty club,CUST1540
113,1,71.4,0,0,0.0,Low Risk,Promote loyalty club,CUST1541
27,4,632.97,0,0,0.0,Low Risk,Promote loyalty club,CUST1542
32,3,566.58,0,0,0.0,Low Risk,Promote loyalty club,CUST1543
33,5,3964.88,0,0,0.0,Low Risk,Promote loyalty club,CUST1544
308,1,381.32,1,1,1.0,High Risk,Send 20% voucher,CUST1545
233,1,73.5,1,1,1.0,High Risk,Send 20% voucher,CUST1546
11,9,1421.29,0,0,0.0,Low Risk,Promote loyalty club,CUST1547
366,1,363.53,1,1,1.0,High Risk,Send 20% voucher,CUST1548
305,1,155.05,1,1,1.0,High Risk,Send 20% voucher,CUST1549
66,4,3386.71,0,0,0.0,Low Risk,Promote loyalty club,CUST1550
10,12,10464.85,0,0,0.0,Low Risk,Promote loyalty club,CUST1551
27,5,920.51,0,0,0.0,Low Risk,Promote loyalty club,CUST1552
74,2,605.12,0,0,0.0,Low Risk,Promote loyalty club,CUST1553
82,3,3536.82,0,0,0.0,Low Risk,Promote loyalty club,CUST1554
35,3,798.74,0,0,0.0,Low Risk,Promote loyalty club,CUST1555
28,4,1991.01,0,0,0.0,Low Risk,Promote loyalty club,CUST1556
24,2,3718.8,0,0,0.0,Low Risk,Promote loyalty club,CUST1557
203,3,255.12,1,1,0.99,High Risk,Send 20% voucher,CUST1558
54,1,342.63,0,0,0.0,Low Risk,Promote loyalty club,CUST1559
37,1,217.38,0,0,0.0,Low Risk,Promote loyalty club,CUST1560
101,2,1317.62,0,0,0.0,Low Risk,Promote loyalty club,CUST1561
11,1,527.2,0,0,0.0,Low Risk,Promote loyalty club,CUST1562
227,1,305.28000000000003,1,1,1.0,High Risk,Send 20% voucher,CUST1563
79,2,307.76,0,0,0.01,Low Risk,Promote loyalty club,CUST1564
191,2,617.05,1,1,0.98,High Risk,Send 20% voucher,CUST1565
241,1,350.75,1,1,0.98,High Risk,Send 20% voucher,CUST1566
64,7,4405.88,0,0,0.0,Low Risk,Promote loyalty club,CUST1567
141,2,160.35000000000002,0,0,0.03,Low Risk,Promote loyalty club,CUST1568
11,5,1530.75,0,0,0.0,Low Risk,Promote loyalty club,CUST1569
3,15,7281.38,0,0,0.0,Low Risk,Promote loyalty club,CUST1570
47,1,248.61,0,0,0.0,Low Risk,Promote loyalty club,CUST1571
23,5,981.51,0,0,0.0,Low Risk,Promote loyalty club,CUST1572
21,2,230.22,0,0,0.0,Low Risk,Promote loyalty club,CUST1573
25,1,323.04,0,0,0.0,Low Risk,Promote loyalty club,CUST1574
369,1,375.69000000000005,1,1,1.0,High Risk,Send 20% voucher,CUST1575
117,1,640.14,0,0,0.0,Low Risk,Promote loyalty club,CUST1576
45,2,693.32,0,0,0.0,Low Risk,Promote loyalty club,CUST1577
1,13,5900.28,0,0,0.0,Low Risk,Promote loyalty club,CUST1578
276,8,7832.47,1,1,0.92,High Risk,Send 20% voucher,CUST1579
39,1,325.91,0,0,0.01,Low Risk,Promote loyalty club,CUST1580
135,4,657.9000000000001,0,0,0.0,Low Risk,Promote loyalty club,CUST1581
23,11,7792.36,0,0,0.0,Low Risk,Promote loyalty club,CUST1582
1,11,2895.64,0,0,0.0,Low Risk,Promote loyalty club,CUST1583
51,2,818.8199999999999,0,0,0.01,Low Risk,Promote loyalty club,CUST1584
71,2,948.88,0,0,0.0,Low Risk,Promote loyalty club,CUST1585
46,1,422.58,0,0,0.0,Low Risk,Promote loyalty club,CUST1586
1,11,3989.57,0,0,0.0,Low Risk,Promote loyalty club,CUST1587
246,1,102.12,1,1,1.0,High Risk,Send 20% voucher,CUST1588
261,1,456.9,1,1,1.0,High Risk,Send 20% voucher,CUST1589
8,3,837.5,0,0,0.0,Low Risk,Promote loyalty club,CUST1590
26,4,1195.94,0,0,0.0,Low Risk,Promote loyalty club,CUST1591
170,1,137.45,0,0,0.0,Low Risk,Promote loyalty club,CUST1592
61,1,215.83,0,0,0.0,Low Risk,Promote loyalty club,CUST1593
10,11,2462.79,0,0,0.0,Low Risk,Promote loyalty club,CUST1594
127,3,1009.6,0,0,0.0,Low Risk,Promote loyalty club,CUST1595
15,9,6868.29,0,0,0.0,Low Risk,Promote loyalty club,CUST1596
212,2,1522.75,1,1,0.96,High Risk,Send 20% voucher,CUST1597
1,13,4206.39,0,0,0.0,Low Risk,Promote loyalty club,CUST1598
162,1,345.29999999999995,0,0,0.0,Low Risk,Promote loyalty club,CUST1599
53,2,1992.11,0,0,0.0,Low Risk,Promote loyalty club,CUST1600
32,3,944.41,0,0,0.01,Low Risk,Promote loyalty club,CUST1601
150,2,159.85,0,0,0.04,Low Risk,Promote loyalty club,CUST1602
52,3,810.5,0,0,0.0,Low Risk,Promote loyalty club,CUST1603
22,3,950.26,0,0,0.0,Low Risk,Promote loyalty club,CUST1604
21,3,846.75,0,0,0.0,Low Risk,Promote loyalty club,CUST1605
3,25,5781.73,0,0,0.0,Low Risk,Promote loyalty club,CUST1606
30,2,890.34,0,0,0.0,Low Risk,Promote loyalty club,CUST1607
12,2,352.69,0,0,0.0,Low Risk,Promote loyalty club,CUST1608
96,4,663.65,0,0,0.0,Low Risk,Promote loyalty club,CUST1609
120,3,1044.32,0,0,0.0,Low Risk,Promote loyalty club,CUST1610
162,1,127.1,0,0,0.0,Low Risk,Promote loyalty club,CUST1611
23,4,1714.59,0,0,0.0,Low Risk,Promote loyalty club,CUST1612
76,2,309.04,0,0,0.01,Low Risk,Promote loyalty club,CUST1613
3,3,350.64,0,0,0.0,Low Risk,Promote loyalty club,CUST1614
219,1,179.0,1,1,1.0,High Risk,Send 20% voucher,CUST1615
149,2,626.77,0,0,0.0,Low Risk,Promote loyalty club,CUST1616
52,2,924.6,0,0,0.0,Low Risk,Promote loyalty club,CUST1617
28,5,1356.33,0,0,0.0,Low Risk,Promote loyalty club,CUST1618
1,7,1721.4,0,0,0.0,Low Risk,Promote loyalty club,CUST1619
4,6,1286.27,0,0,0.0,Low Risk,Promote loyalty club,CUST1620
88,7,2005.63,0,0,0.0,Low Risk,Promote loyalty club,CUST1621
38,2,283.15,0,0,0.0,Low Risk,Promote loyalty club,CUST1622
64,2,590.9300000000001,0,0,0.0,Low Risk,Promote loyalty club,CUST1623
278,1,217.2,1,1,1.0,High Risk,Send 20% voucher,CUST1624
50,1,155.37,0,0,0.0,Low Risk,Promote loyalty club,CUST1625
12,3,698.58,0,0,0.0,Low Risk,Promote loyalty club,CUST1626
128,6,3344.64,0,0,0.0,Low Risk,Promote loyalty club,CUST1627
323,2,97.7,1,1,0.98,High Risk,Send 20% voucher,CUST1628
74,2,417.73,0,0,0.0,Low Risk,Promote loyalty club,CUST1629
137,5,712.24,0,0,0.0,Low Risk,Promote loyalty club,CUST1630
51,1,443.6,0,0,0.0,Low Risk,Promote loyalty club,CUST1631
73,14,1836.09,0,0,0.0,Low Risk,Promote loyalty club,CUST1632
34,1,125.58,0,0,0.0,Low Risk,Promote loyalty club,CUST1633
152,2,735.66,0,0,0.0,Low Risk,Promote loyalty club,CUST1634
165,1,163.29999999999998,0,0,0.0,Low Risk,Promote loyalty club,CUST1635
3,19,2612.96,0,0,0.0,Low Risk,Promote loyalty club,CUST1636
2,4,1412.32,0,0,0.0,Low Risk,Promote loyalty club,CUST1637
57,1,262.2,0,0,0.0,Low Risk,Promote loyalty club,CUST1638
37,1,114.39,0,0,0.0,Low Risk,Promote loyalty club,CUST1639
31,5,2647.59,0,0,0.0,Low Risk,Promote loyalty club,CUST1640
65,2,631.57,0,0,0.0,Low Risk,Promote loyalty club,CUST1641
2,11,3586.03,0,0,0.0,Low Risk,Promote loyalty club,CUST1642
50,2,457.72,0,0,0.0,Low Risk,Promote loyalty club,CUST1643
6,4,691.73,0,0,0.0,Low Risk,Promote loyalty club,CUST1644
20,18,7354.62,0,0,0.0,Low Risk,Promote loyalty club,CUST1645
12,6,855.97,0,0,0.0,Low Risk,Promote loyalty club,CUST1646
297,1,142.4,1,1,1.0,High Risk,Send 20% voucher,CUST1647
15,5,614.66,0,0,0.0,Low Risk,Promote loyalty club,CUST1648
340,1,168.3,1,1,1.0,High Risk,Send 20% voucher,CUST1649
51,1,386.43,0,0,0.0,Low Risk,Promote loyalty club,CUST1650
41,8,1342.68,0,0,0.0,Low Risk,Promote loyalty club,CUST1651
24,3,454.01,0,0,0.0,Low Risk,Promote loyalty club,CUST1652
258,2,453.0,1,1,1.0,High Risk,Send 20% voucher,CUST1653
12,1,190.19,0,0,0.0,Low Risk,Promote loyalty club,CUST1654
59,4,1268.7,0,0,0.0,Low Risk,Promote loyalty club,CUST1655
45,4,981.86,0,0,0.0,Low Risk,Promote loyalty club,CUST1656
31,1,2328.84,0,0,0.01,Low Risk,Promote loyalty club,CUST1657
142,4,1300.25,0,0,0.0,Low Risk,Promote loyalty club,CUST1658
39,2,192.72,0,0,0.0,Low Risk,Promote loyalty club,CUST1659
219,3,1161.53,1,1,0.95,High Risk,Send 20% voucher,CUST1660
15,3,1059.39,0,0,0.01,Low Risk,Promote loyalty club,CUST1661
254,1,388.4500000000001,1,1,1.0,High Risk,Send 20% voucher,CUST1662
139,1,361.22,0,0,0.0,Low Risk,Promote loyalty club,CUST1663
9,4,2736.38,0,0,0.0,Low Risk,Promote loyalty club,CUST1664
12,2,302.1,0,0,0.0,Low Risk,Promote loyalty club,CUST1665
320,1,155.0,1,1,1.0,High Risk,Send 20% voucher,CUST1666
9,2,1418.26,0,0,0.0,Low Risk,Promote loyalty club,CUST1667
33,5,2888.55,0,0,0.0,Low Risk,Promote loyalty club,CUST1668
44,2,778.0,0,0,0.0,Low Risk,Promote loyalty club,CUST1669
18,4,1352.75,0,0,0.0,Low Risk,Promote loyalty club,CUST1670
236,1,229.59,1,1,1.0,High Risk,Send 20% voucher,CUST1671
309,2,693.3299999999999,1,1,0.98,High Risk,Send 20% voucher,CUST1672
2,2,439.92,0,0,0.0,Low Risk,Promote loyalty club,CUST1673
264,1,226.21,1,1,1.0,High Risk,Send 20% voucher,CUST1674
84,8,3450.84,0,0,0.0,Low Risk,Promote loyalty club,CUST1675
58,3,412.05,0,0,0.0,Low Risk,Promote loyalty club,CUST1676
321,1,153.0,1,1,1.0,High Risk,Send 20% voucher,CUST1677
68,2,570.13,0,0,0.0,Low Risk,Promote loyalty club,CUST1678
211,1,582.59,1,1,1.0,High Risk,Send 20% voucher,CUST1679
17,12,2999.46,0,0,0.01,Low Risk,Promote loyalty club,CUST1680
85,1,655.75,0,0,0.0,Low Risk,Promote loyalty club,CUST1681
106,3,149.05,0,0,0.0,Low Risk,Promote loyalty club,CUST1682
74,11,5232.2300000000005,0,0,0.0,Low Risk,Promote loyalty club,CUST1683
180,2,350.39,0,0,0.11,Low Risk,Promote loyalty club,CUST1684
34,6,1474.32,0,0,0.0,Low Risk,Promote loyalty club,CUST1685
195,3,1689.5,1,1,0.96,High Risk,Send 20% voucher,CUST1686
8,2,700.86,0,0,0.0,Low Risk,Promote loyalty club,CUST1687
134,3,1390.5,0,0,0.03,Low Risk,Promote loyalty club,CUST1688
11,7,4478.53,0,0,0.0,Low Risk,Promote loyalty club,CUST1689
38,3,662.38,0,0,0.0,Low Risk,Promote loyalty club,CUST1690
240,1,110.25,1,1,1.0,High Risk,Send 20% voucher,CUST1691
68,2,853.39,0,0,0.0,Low Risk,Promote loyalty club,CUST1692
36,3,730.4,0,0,0.0,Low Risk,Promote loyalty club,CUST1693
22,4,992.71,0,0,0.0,Low Risk,Promote loyalty club,CUST1694
239,2,416.64,1,1,1.0,High Risk,Send 20% voucher,CUST1695
29,5,681.9100000000001,0,0,0.0,Low Risk,Promote loyalty club,CUST1696
123,2,1142.42,0,0,0.04,Low Risk,Promote loyalty club,CUST1697
5,5,2578.09,0,0,0.0,Low Risk,Promote loyalty club,CUST1698
29,3,1331.57,0,0,0.0,Low Risk,Promote loyalty club,CUST1699
36,3,841.0799999999999,0,0,0.0,Low Risk,Promote loyalty club,CUST1700
100,3,1240.2,0,0,0.0,Low Risk,Promote loyalty club,CUST1701
129,2,1740.0,0,0,0.01,Low Risk,Promote loyalty club,CUST1702
47,3,1421.61,0,0,0.0,Low Risk,Promote loyalty club,CUST1703
64,7,2494.46,0,0,0.0,Low Risk,Promote loyalty club,CUST1704
2,1,196.89,0,0,0.0,Low Risk,Promote loyalty club,CUST1705
308,4,664.54,1,1,0.98,High Risk,Send 20% voucher,CUST1706
149,1,305.02,0,0,0.0,Low Risk,Promote loyalty club,CUST1707
313,2,580.0500000000001,1,1,0.98,High Risk,Send 20% voucher,CUST1708
57,3,1553.18,0,0,0.0,Low Risk,Promote loyalty club,CUST1709
15,10,1701.29,0,0,0.0,Low Risk,Promote loyalty club,CUST1710
22,1,177.31,0,0,0.0,Low Risk,Promote loyalty club,CUST1711
50,2,173.16,0,0,0.01,Low Risk,Promote loyalty club,CUST1712
252,1,136.8,1,1,1.0,High Risk,Send 20% voucher,CUST1713
176,3,674.45,0,0,0.01,Low Risk,Promote loyalty club,CUST1714
40,1,197.71,0,0,0.0,Low Risk,Promote loyalty club,CUST1715
51,4,559.97,0,0,0.0,Low Risk,Promote loyalty club,CUST1716
152,1,232.6,0,0,0.01,Low Risk,Promote loyalty club,CUST1717
165,1,243.76,0,0,0.0,Low Risk,Promote loyalty club,CUST1718
360,1,201.2,1,1,1.0,High Risk,Send 20% voucher,CUST1719
303,1,330.79,1,1,1.0,High Risk,Send 20% voucher,CUST1720
284,1,133.25,1,1,1.0,High Risk,Send 20% voucher,CUST1721
30,3,2575.0,0,0,0.0,Low Risk,Promote loyalty club,CUST1722
46,1,130.73999999999998,0,0,0.0,Low Risk,Promote loyalty club,CUST1723
32,13,6688.46,0,0,0.0,Low Risk,Promote loyalty club,CUST1724
267,2,901.2,1,1,1.0,High Risk,Send 20% voucher,CUST1725
1,11,4757.16,0,0,0.0,Low Risk,Promote loyalty club,CUST1726
16,2,215.48,0,0,0.0,Low Risk,Promote loyalty club,CUST1727
162,1,203.86,0,0,0.0,Low Risk,Promote loyalty club,CUST1728
1,2,1239.38,0,0,0.0,Low Risk,Promote loyalty club,CUST1729
29,5,1415.75,0,0,0.0,Low Risk,Promote loyalty club,CUST1730
16,3,2817.03,0,0,0.0,Low Risk,Promote loyalty club,CUST1731
218,1,404.4,1,1,1.0,High Risk,Send 20% voucher,CUST1732
65,1,508.58,0,0,0.0,Low Risk,Promote loyalty club,CUST1733
35,1,190.88,0,0,0.0,Low Risk,Promote loyalty club,CUST1734
4,17,4204.1,0,0,0.0,Low Risk,Promote loyalty club,CUST1735
71,2,1631.77,0,0,0.02,Low Risk,Promote loyalty club,CUST1736
65,1,133.06,0,0,0.0,Low Risk,Promote loyalty club,CUST1737
131,1,156.57999999999998,0,0,0.0,Low Risk,Promote loyalty club,CUST1738
248,1,374.57,1,1,1.0,High Risk,Send 20% voucher,CUST1739
58,3,575.4,0,0,0.0,Low Risk,Promote loyalty club,CUST1740
8,7,3781.74,0,0,0.0,Low Risk,Promote loyalty club,CUST1741
353,1,383.7,1,1,1.0,High Risk,Send 20% voucher,CUST1742
49,3,488.2,0,0,0.01,Low Risk,Promote loyalty club,CUST1743
50,1,321.92,0,0,0.0,Low Risk,Promote loyalty club,CUST1744
43,3,12601.830000000002,0,0,0.0,Low Risk,Promote loyalty club,CUST1745
19,6,761.59,0,0,0.0,Low Risk,Promote loyalty club,CUST1746
82,3,1799.33,0,0,0.0,Low Risk,Promote loyalty club,CUST1747
362,1,418.92,1,1,1.0,High Risk,Send 20% voucher,CUST1748
247,1,228.84,1,1,1.0,High Risk,Send 20% voucher,CUST1749
284,1,109.95,1,1,1.0,High Risk,Send 20% voucher,CUST1750
4,4,1293.03,0,0,0.0,Low Risk,Promote loyalty club,CUST1751
2,14,5189.52,0,0,0.0,Low Risk,Promote loyalty club,CUST1752
10,1,329.85,0,0,0.0,Low Risk,Promote loyalty club,CUST1753
19,3,348.73,0,0,0.0,Low Risk,Promote loyalty club,CUST1754
66,8,1702.26,0,0,0.0,Low Risk,Promote loyalty club,CUST1755
22,4,4027.36,0,0,0.0,Low Risk,Promote loyalty club,CUST1756
326,1,107.45,1,1,1.0,High Risk,Send 20% voucher,CUST1757
7,2,52.2,0,0,0.02,Low Risk,Promote loyalty club,CUST1758
45,1,401.4,0,0,0.0,Low Risk,Promote loyalty club,CUST1759
262,1,215.05,1,1,1.0,High Risk,Send 20% voucher,CUST1760
361,1,102.0,1,1,1.0,High Risk,Send 20% voucher,CUST1761
152,2,282.6,0,0,0.01,Low Risk,Promote loyalty club,CUST1762
65,1,219.14,0,0,0.0,Low Risk,Promote loyalty club,CUST1763
247,3,362.95,1,1,0.97,High Risk,Send 20% voucher,CUST1764
151,4,2027.87,0,0,0.0,Low Risk,Promote loyalty club,CUST1765
96,2,599.0,0,0,0.0,Low Risk,Promote loyalty club,CUST1766
2,5,1602.13,0,0,0.0,Low Risk,Promote loyalty club,CUST1767
1,34,31833.68,0,0,0.02,Low Risk,Promote loyalty club,CUST1768
98,2,4055.7199999999993,0,0,0.0,Low Risk,Promote loyalty club,CUST1769
277,1,117.55,1,1,1.0,High Risk,Send 20% voucher,CUST1770
18,2,486.72,0,0,0.0,Low Risk,Promote loyalty club,CUST1771
71,4,1268.98,0,0,0.0,Low Risk,Promote loyalty club,CUST1772
284,1,176.5,1,1,1.0,High Risk,Send 20% voucher,CUST1773
79,1,317.76,0,0,0.0,Low Risk,Promote loyalty club,CUST1774
5,5,1257.68,0,0,0.0,Low Risk,Promote loyalty club,CUST1775
15,2,467.04,0,0,0.0,Low Risk,Promote loyalty club,CUST1776
20,2,784.11,0,0,0.0,Low Risk,Promote loyalty club,CUST1777
12,1,442.85,0,0,0.0,Low Risk,Promote loyalty club,CUST1778
94,2,243.36,0,0,0.01,Low Risk,Promote loyalty club,CUST1779
40,1,316.88,0,0,0.0,Low Risk,Promote loyalty club,CUST1780
78,1,259.17,0,0,0.0,Low Risk,Promote loyalty club,CUST1781
37,6,2248.56,0,0,0.0,Low Risk,Promote loyalty club,CUST1782
54,1,351.13,0,0,0.0,Low Risk,Promote loyalty club,CUST1783
199,1,135.93,1,1,1.0,High Risk,Send 20% voucher,CUST1784
78,2,1013.04,0,0,0.0,Low Risk,Promote loyalty club,CUST1785
23,7,2915.15,0,0,0.0,Low Risk,Promote loyalty club,CUST1786
8,9,2352.53,0,0,0.0,Low Risk,Promote loyalty club,CUST1787
40,3,1111.79,0,0,0.0,Low Risk,Promote loyalty club,CUST1788
44,1,239.41,0,0,0.0,Low Risk,Promote loyalty club,CUST1789
61,2,637.5,0,0,0.0,Low Risk,Promote loyalty club,CUST1790
44,4,954.09,0,0,0.0,Low Risk,Promote loyalty club,CUST1791
92,9,1105.07,0,0,0.0,Low Risk,Promote loyalty club,CUST1792
2,2,982.38,0,0,0.0,Low Risk,Promote loyalty club,CUST1793
23,3,1384.86,0,0,0.01,Low Risk,Promote loyalty club,CUST1794
65,2,388.25,0,0,0.0,Low Risk,Promote loyalty club,CUST1795
62,1,152.94,0,0,0.0,Low Risk,Promote loyalty club,CUST1796
20,2,637.89,0,0,0.0,Low Risk,Promote loyalty club,CUST1797
157,1,642.02,0,0,0.0,Low Risk,Promote loyalty club,CUST1798
22,6,1936.32,0,0,0.0,Low Risk,Promote loyalty club,CUST1799
319,1,585.0,1,1,1.0,High Risk,Send 20% voucher,CUST1800
11,5,601.98,0,0,0.0,Low Risk,Promote loyalty club,CUST1801
218,1,185.4,1,1,1.0,High Risk,Send 20% voucher,CUST1802
114,2,932.97,0,0,0.01,Low Risk,Promote loyalty club,CUST1803
13,10,2126.93,0,0,0.0,Low Risk,Promote loyalty club,CUST1804
51,1,749.1,0,0,0.01,Low Risk,Promote loyalty club,CUST1805
72,2,290.82,0,0,0.0,Low Risk,Promote loyalty club,CUST1806
4,1,41.99,0,0,0.0,Low Risk,Promote loyalty club,CUST1807
9,2,168.24,0,0,0.01,Low Risk,Promote loyalty club,CUST1808
19,2,604.64,0,0,0.0,Low Risk,Promote loyalty club,CUST1809
212,1,738.6,1,1,0.97,High Risk,Send 20% voucher,CUST1810
9,3,377.44,0,0,0.0,Low Risk,Promote loyalty club,CUST1811
23,4,414.76,0,0,0.0,Low Risk,Promote loyalty club,CUST1812
11,5,1314.81,0,0,0.0,Low Risk,Promote loyalty club,CUST1813
15,1,93.78,0,0,0.0,Low Risk,Promote loyalty club,CUST1814
71,1,74.39999999999999,0,0,0.0,Low Risk,Promote loyalty club,CUST1815
10,11,1695.66,0,0,0.01,Low Risk,Promote loyalty club,CUST1816
243,3,406.08,1,1,1.0,High Risk,Send 20% voucher,CUST1817
19,6,939.32,0,0,0.0,Low Risk,Promote loyalty club,CUST1818
170,1,330.11,0,0,0.0,Low Risk,Promote loyalty club,CUST1819
2,11,4196.01,0,0,0.0,Low Risk,Promote loyalty club,CUST1820
9,13,5076.55,0,0,0.0,Low Risk,Promote loyalty club,CUST1821
9,25,8109.519999999999,0,0,0.0,Low Risk,Promote loyalty club,CUST1822
152,5,1004.75,0,0,0.02,Low Risk,Promote loyalty club,CUST1823
8,6,1826.21,0,0,0.0,Low Risk,Promote loyalty club,CUST1824
1,3,815.77,0,0,0.0,Low Risk,Promote loyalty club,CUST1825
107,1,213.55,0,0,0.0,Low Risk,Promote loyalty club,CUST1826
21,3,1389.41,0,0,0.03,Low Risk,Promote loyalty club,CUST1827
82,1,675.3,0,0,0.0,Low Risk,Promote loyalty club,CUST1828
365,1,300.92,1,1,1.0,High Risk,Send 20% voucher,CUST1829
9,5,1072.36,0,0,0.0,Low Risk,Promote loyalty club,CUST1830
7,2,679.4399999999999,0,0,0.0,Low Risk,Promote loyalty club,CUST1831
4,7,2043.95,0,0,0.0,Low Risk,Promote loyalty club,CUST1832
22,2,169.55,0,0,0.01,Low Risk,Promote loyalty club,CUST1833
149,2,673.1,0,0,0.0,Low Risk,Promote loyalty club,CUST1834
113,1,313.62,0,0,0.0,Low Risk,Promote loyalty club,CUST1835
211,1,101.4,1,1,1.0,High Risk,Send 20% voucher,CUST1836
157,3,734.13,0,0,0.0,Low Risk,Promote loyalty club,CUST1837
68,2,830.76,0,0,0.0,Low Risk,Promote loyalty club,CUST1838
334,1,332.41,1,1,1.0,High Risk,Send 20% voucher,CUST1839
28,1,345.82,0,0,0.0,Low Risk,Promote loyalty club,CUST1840
5,5,1845.31,0,0,0.0,Low Risk,Promote loyalty club,CUST1841
6,5,1570.81,0,0,0.0,Low Risk,Promote loyalty club,CUST1842
138,2,145.79,0,0,0.0,Low Risk,Promote loyalty club,CUST1843
225,1,314.22,1,1,1.0,High Risk,Send 20% voucher,CUST1844
117,4,799.9,0,0,0.0,Low Risk,Promote loyalty club,CUST1845
56,5,2806.9,0,0,0.0,Low Risk,Promote loyalty club,CUST1846
132,1,765.3199999999999,0,0,0.0,Low Risk,Promote loyalty club,CUST1847
148,3,2940.04,0,0,0.0,Low Risk,Promote loyalty club,CUST1848
12,3,778.94,0,0,0.0,Low Risk,Promote loyalty club,CUST1849
6,2,697.04,0,0,0.0,Low Risk,Promote loyalty club,CUST1850
85,1,211.32,0,0,0.0,Low Risk,Promote loyalty club,CUST1851
187,2,160.71,1,1,0.99,High Risk,Send 20% voucher,CUST1852
5,6,3512.53,0,0,0.0,Low Risk,Promote loyalty club,CUST1853
155,1,318.05,0,0,0.0,Low Risk,Promote loyalty club,CUST1854
191,4,1431.78,1,1,0.91,High Risk,Send 20% voucher,CUST1855
166,2,433.74,0,0,0.0,Low Risk,Promote loyalty club,CUST1856
52,3,1547.2,0,0,0.0,Low Risk,Promote loyalty club,CUST1857
29,1,266.76,0,0,0.0,Low Risk,Promote loyalty club,CUST1858
127,2,730.86,0,0,0.0,Low Risk,Promote loyalty club,CUST1859
240,2,847.41,1,1,0.99,High Risk,Send 20% voucher,CUST1860
99,3,1119.74,0,0,0.0,Low Risk,Promote loyalty club,CUST1861
11,9,1546.91,0,0,0.0,Low Risk,Promote loyalty club,CUST1862
22,12,3722.82,0,0,0.0,Low Risk,Promote loyalty club,CUST1863
281,2,218.06,1,1,1.0,High Risk,Send 20% voucher,CUST1864
26,1,320.72,0,0,0.0,Low Risk,Promote loyalty club,CUST1865
95,2,1156.36,0,0,0.0,Low Risk,Promote loyalty club,CUST1866
67,7,3313.79,0,0,0.0,Low Risk,Promote loyalty club,CUST1867
4,1,120.03,0,0,0.0,Low Risk,Promote loyalty club,CUST1868
